{"inputUnits":[10],"outputUnits":5,"inputs":{"0":{"dtype":"number","min":224.01967683190966,"max":565.4249382761202},"1":{"dtype":"number","min":140.9507852398468,"max":383.48425245470577},"2":{"dtype":"number","min":97.32463317158621,"max":442.0799979718279},"3":{"dtype":"number","min":132.80390045522253,"max":380.9089595334539},"4":{"dtype":"number","min":147.79286187910384,"max":502.41001351798093},"5":{"dtype":"number","min":107.41054668500729,"max":446.55477264048056},"6":{"dtype":"number","min":165.68902754134243,"max":547.2939042265778},"7":{"dtype":"number","min":92.76619402814933,"max":404.46746291817396},"8":{"dtype":"number","min":106.88332880517389,"max":497.494186223249},"9":{"dtype":"number","min":104.04873859093811,"max":397.7079086823222}},"outputs":{"0":{"dtype":"string","min":0,"max":1,"uniqueValues":["l","r","u","d","n"],"legend":{"l":[1,0,0,0,0],"r":[0,1,0,0,0],"u":[0,0,1,0,0],"d":[0,0,0,1,0],"n":[0,0,0,0,1]}}},"isNormalized":true}